msg,blinks_count,blinks_total_duration,blinks_avg_duration,blinks_median_duration,center_dwell_count,center_dwell_duration,center_dwell_avg_duration,center_dwell_median_duration,dispersion_fixations_count,dispersion_fixations_duration,dispersion_fixations_avg_duration,dispersion_fixations_median_duration,center_dispersion_fixations_count,center_dispersion_fixations_duration,center_dispersion_fixations_avg_duration,center_dispersion_fixations_median_duration,saccades_count,saccades_avg_velocity,saccades_median_velocity,total_duration,center_dwell_percentage,dispersion_fixations_percentage,center_dispersion_fixations_percentage,blinks_percentage
0,21,231522.0,11024.857142857143,146.0,14,540.0,38.57142857142857,4.0,11,7392.0,672.0,316.0,2,320.0,160.0,180.0,31,2373.7844209772,1225.0000000000014,239614.0,6.673257538309442,91.34948096885813,3.9545229856648545,96.62290183378268
1,22,10458.0,475.3636363636364,220.0,37,8166.0,220.7027027027027,26.0,36,19532.0,542.5555555555555,386.0,17,8810.0,518.2352941176471,366.0,64,2522.9575324902435,1827.777777777783,31022.0,39.710173118070415,94.98152110484341,42.84185956039681,33.71155953839211
2,81,14414.0,177.9506172839506,130.0,230,66094.0,287.3652173913043,24.0,347,152224.0,438.68587896253604,278.0,89,56322.0,632.8314606741573,310.0,929,5158.631269615914,2474.999999999994,187564.0,38.171527577245165,87.91452497834248,32.527866012128214,7.684843573393615
3,0,0,-1,-1,0,0,-1,-1,1,960.0,960.0,960.0,0,0,-1,-1,2,2342.063492063492,2355.5555555555543,1002.0,0.0,95.80838323353294,0.0,0.0
