msg,blinks_count,blinks_total_duration,blinks_avg_duration,blinks_median_duration,center_dwell_count,center_dwell_duration,center_dwell_avg_duration,center_dwell_median_duration,dispersion_fixations_count,dispersion_fixations_duration,dispersion_fixations_avg_duration,dispersion_fixations_median_duration,center_dispersion_fixations_count,center_dispersion_fixations_duration,center_dispersion_fixations_avg_duration,center_dispersion_fixations_median_duration,saccades_count,saccades_avg_velocity,saccades_median_velocity,total_duration,center_dwell_percentage,dispersion_fixations_percentage,center_dispersion_fixations_percentage,blinks_percentage
0,8,1180.0,147.5,134.0,23,16834.0,731.9130434782609,410.0,71,101908.0,1435.3239436619717,270.0,36,16686.0,463.5,338.0,157,2577.4470645273855,1566.6666666666692,104978.0,16.218038883215478,98.17915566773927,16.075454247673367,1.1240450380079636
1,32,3760.0,117.5,126.0,80,22134.0,276.675,108.0,246,64692.0,262.9756097560976,218.0,56,18068.0,322.64285714285717,256.0,471,3637.586999596477,2363.461538461536,76398.0,30.471653955230042,89.06082215920041,24.874032875354498,4.921594806146758
2,12,1622.0,135.16666666666666,140.0,46,56250.0,1222.8260869565217,830.0,155,67158.0,433.2774193548387,304.0,120,53444.0,445.3666666666667,324.0,293,1966.3710874618662,1623.4375000000014,70820.0,81.2884765455649,97.05193791728085,77.23344605335414,2.2903134707709687
3,1,78.0,78.0,78.0,1,922.0,922.0,922.0,2,870.0,435.0,604.0,2,870.0,435.0,604.0,6,2512.8800366300375,3007.4999999999986,1002.0,99.78354978354979,94.15584415584416,94.15584415584416,7.784431137724551
