msg,blinks_count,blinks_total_duration,blinks_avg_duration,blinks_median_duration,center_dwell_count,center_dwell_duration,center_dwell_avg_duration,center_dwell_median_duration,dispersion_fixations_count,dispersion_fixations_duration,dispersion_fixations_avg_duration,dispersion_fixations_median_duration,center_dispersion_fixations_count,center_dispersion_fixations_duration,center_dispersion_fixations_avg_duration,center_dispersion_fixations_median_duration,saccades_count,saccades_avg_velocity,saccades_median_velocity,total_duration,center_dwell_percentage,dispersion_fixations_percentage,center_dispersion_fixations_percentage,blinks_percentage
0,19,1936.0,101.89473684210526,102.0,50,23304.0,466.08,176.0,62,32120.0,518.0645161290323,362.0,38,23102.0,607.9473684210526,396.0,118,3646.39016365512,1745.8333333333371,132888.0,17.795833587879528,24.528071354389393,17.64157859368318,1.4568659322135933
1,73,6976.0,95.56164383561644,92.0,203,31382.0,154.59113300492612,22.0,126,46734.0,370.9047619047619,290.0,59,22830.0,386.9491525423729,308.0,244,4738.22736366138,1958.3333333333399,60732.0,58.37859959818439,86.9372721184612,42.46967780340799,11.486530988605677
2,58,6500.0,112.06896551724138,110.0,129,61602.0,477.5348837209302,226.0,119,67700.0,568.90756302521,398.0,93,58804.0,632.3010752688172,442.0,285,2752.502540277834,1492.8571428571431,78838.0,85.15856119881666,93.58843208272278,81.29060797920872,8.244755067353307
3,2,154.0,77.0,108.0,6,730.0,121.66666666666667,122.0,4,698.0,174.5,162.0,3,564.0,188.0,162.0,4,1243.9923007246389,827.7777777777766,1002.0,86.08490566037736,82.31132075471697,66.50943396226415,15.369261477045908
