msg,blinks_count,blinks_total_duration,blinks_avg_duration,blinks_median_duration,center_fixations_count,center_fixations_duration,center_fixations_avg_duration,center_fixations_median_duration,total_duration,center_fixations_percentage,blinks_percentage
0,73,11658.0,159.6986301369863,100.0,126,110352.0,875.8095238095239,712.0,169047.0,70.11417570478243,6.896306944222613
1,10,966.0,96.6,102.0,16,18488.0,1155.5,1208.0,20000.0,97.131448986025,4.83
2,14,1634.0,116.71428571428571,126.0,48,62990.0,1312.2916666666667,458.0,70028.0,92.09872211012662,2.3333523733363797
3,2,278.0,139.0,212.0,3,716.0,238.66666666666666,152.0,1002.0,98.89502762430939,27.744510978043913
