msg,blinks_count,blinks_total_duration,blinks_avg_duration,blinks_median_duration,center_fixations_count,center_fixations_duration,center_fixations_avg_duration,center_fixations_median_duration,total_duration,center_fixations_percentage,blinks_percentage
0,22,962.0,43.72727272727273,46.0,46,21876.0,475.5652173913044,344.0,116480.0,18.937308471407054,0.8258928571428572
1,39,4590.0,117.6923076923077,56.0,135,21754.0,161.14074074074074,32.0,77200.0,29.960060597713813,5.94559585492228
2,54,3068.0,56.81481481481482,48.0,108,44430.0,411.3888888888889,314.0,68262.0,68.15044329232751,4.494447862646861
3,1,164.0,164.0,164.0,4,736.0,184.0,112.0,1002.0,87.82816229116945,16.367265469061877
