msg,blinks_count,blinks_total_duration,blinks_avg_duration,blinks_median_duration,center_dwell_count,center_dwell_duration,center_dwell_avg_duration,center_dwell_median_duration,dispersion_fixations_count,dispersion_fixations_duration,dispersion_fixations_avg_duration,dispersion_fixations_median_duration,center_dispersion_fixations_count,center_dispersion_fixations_duration,center_dispersion_fixations_avg_duration,center_dispersion_fixations_median_duration,saccades_count,saccades_avg_velocity,saccades_median_velocity,total_duration,center_dwell_percentage,dispersion_fixations_percentage,center_dispersion_fixations_percentage,blinks_percentage
0,82,6546.0,79.82926829268293,80.0,122,125071.0,1025.172131147541,658.0,319,116866.0,366.3510971786834,262.0,237,95436.0,402.6835443037975,276.0,862,3043.881532590035,1789.9999999999998,156453.0,83.43239475141255,77.95900124744007,63.66347135223839,4.184004141818949
1,13,872.0,67.07692307692308,64.0,17,16694.0,982.0,1074.0,47,18154.0,386.25531914893617,288.0,40,16162.0,404.05,300.0,103,2587.8963141382424,1485.0000000000023,20000.0,87.27519866164785,94.90798828941865,84.4939355918026,4.36
2,46,5286.0,114.91304347826087,104.0,47,63274.0,1346.2553191489362,1246.0,112,62110.0,554.5535714285714,466.0,112,62110.0,554.5535714285714,466.0,350,1806.0369670802058,1149.9999999999964,68782.0,99.65037167695603,97.81718533450926,97.81718533450926,7.68515018464133
3,1,116.0,116.0,116.0,2,882.0,441.0,840.0,1,816.0,816.0,816.0,1,816.0,816.0,816.0,2,1476.2500000000002,2912.5000000000014,1002.0,99.54853273137697,92.09932279909707,92.09932279909707,11.57684630738523
