msg,blinks_count,blinks_total_duration,blinks_avg_duration,blinks_median_duration,center_dwell_count,center_dwell_duration,center_dwell_avg_duration,center_dwell_median_duration,dispersion_fixations_count,dispersion_fixations_duration,dispersion_fixations_avg_duration,dispersion_fixations_median_duration,center_dispersion_fixations_count,center_dispersion_fixations_duration,center_dispersion_fixations_avg_duration,center_dispersion_fixations_median_duration,saccades_count,saccades_avg_velocity,saccades_median_velocity,total_duration,center_dwell_percentage,dispersion_fixations_percentage,center_dispersion_fixations_percentage,blinks_percentage
0,28,2300.0,82.14285714285714,72.0,58,101626.0,1752.1724137931035,314.0,129,47760.0,370.2325581395349,288.0,105,41116.0,391.5809523809524,304.0,345,2610.425668585646,1912.4999999999943,111242.0,93.2845000091792,43.83984138348846,37.74118338198307,2.0675644091260494
1,72,7592.0,105.44444444444444,64.0,147,52138.0,354.68027210884355,162.0,180,60004.0,333.35555555555555,264.0,124,46054.0,371.4032258064516,288.0,585,3768.3946818721124,2712.4999999999773,75746.0,76.50027878040908,88.04178771605481,67.57343662881122,10.022971510046736
2,36,2682.0,74.5,72.0,61,66856.0,1096.0,562.0,143,66488.0,464.95104895104896,368.0,135,64314.0,476.4,370.0,433,2479.0267664621365,1775.0,71780.0,96.75533300529683,96.22275608555964,93.0765000434166,3.7364168292003344
3,2,82.0,41.0,64.0,5,470.0,94.0,92.0,2,556.0,278.0,316.0,1,240.0,240.0,240.0,9,8090.781249999998,7128.90625,1004.0,50.97613882863341,60.30368763557483,26.030368763557483,8.167330677290837
