msg,blinks_count,blinks_total_duration,blinks_avg_duration,blinks_median_duration,center_fixations_count,center_fixations_duration,center_fixations_avg_duration,center_fixations_median_duration,total_duration,center_fixations_percentage,blinks_percentage
0,32,3202.0,100.0625,64.0,76,38954.0,512.5526315789474,394.0,145672.0,27.34189653962238,2.198088857158548
1,23,2852.0,124.0,54.0,109,53348.0,489.43119266055044,322.0,107706.0,50.87836420165181,2.6479490464783764
2,29,2058.0,70.96551724137932,58.0,94,50886.0,541.3404255319149,340.0,66668.0,78.75870608264974,3.086938261234775
3,0,0,-1,-1,1,1004.0,1004.0,1004.0,1004.0,100.0,0.0
