msg,blinks_count,blinks_total_duration,blinks_avg_duration,blinks_median_duration,center_fixations_count,center_fixations_duration,center_fixations_avg_duration,center_fixations_median_duration,total_duration,center_fixations_percentage,blinks_percentage
0,3,122.0,40.666666666666664,38.0,8,876.0,109.5,38.0,71407.0,1.2288700287578032,0.17085159718234907
1,42,29352.0,698.8571428571429,96.0,117,49592.0,423.86324786324786,72.0,92742.0,78.23315980438555,31.649091026719283
2,16,17308.0,1081.75,96.0,47,7980.0,169.7872340425532,22.0,50870.0,23.77689053095763,34.02398270100255
3,0,0,-1,-1,2,202.0,101.0,108.0,1002.0,20.159680638722556,0.0
