msg,blinks_count,blinks_total_duration,blinks_avg_duration,blinks_median_duration,center_dwell_count,center_dwell_duration,center_dwell_avg_duration,center_dwell_median_duration,dispersion_fixations_count,dispersion_fixations_duration,dispersion_fixations_avg_duration,dispersion_fixations_median_duration,center_dispersion_fixations_count,center_dispersion_fixations_duration,center_dispersion_fixations_avg_duration,center_dispersion_fixations_median_duration,saccades_count,saccades_avg_velocity,saccades_median_velocity,total_duration,center_dwell_percentage,dispersion_fixations_percentage,center_dispersion_fixations_percentage,blinks_percentage
0,44,162386.0,3690.590909090909,126.0,45,23520.0,522.6666666666666,514.0,66,27982.0,423.969696969697,350.0,47,22572.0,480.25531914893617,396.0,147,2442.0547650281533,1480.0000000000011,191414.0,81.02521703183133,96.3965826098939,77.7594047126912,84.8349650495784
1,67,12018.0,179.37313432835822,114.0,49,16962.0,346.16326530612247,300.0,142,46762.0,329.3098591549296,276.0,40,16244.0,406.1,410.0,277,4142.76123029285,2418.749999999996,63660.0,32.845358429185545,90.55032725301112,31.45501723403431,18.87841658812441
2,76,20880.0,274.7368421052632,140.0,68,38306.0,563.3235294117648,534.0,102,45084.0,442.0,332.0,74,37934.0,512.6216216216217,444.0,224,2167.820666942603,1275.0000000000057,67654.0,81.89592508658656,96.38688160088938,81.100611450806,30.86292015254087
3,1,98.0,98.0,98.0,2,900.0,450.0,524.0,3,898.0,299.3333333333333,242.0,3,898.0,299.3333333333333,242.0,6,1577.4206349206354,1866.6666666666742,1002.0,99.5575221238938,99.33628318584071,99.33628318584071,9.780439121756487
