msg,blinks_count,blinks_total_duration,blinks_avg_duration,blinks_median_duration,center_dwell_count,center_dwell_duration,center_dwell_avg_duration,center_dwell_median_duration,dispersion_fixations_count,dispersion_fixations_duration,dispersion_fixations_avg_duration,dispersion_fixations_median_duration,center_dispersion_fixations_count,center_dispersion_fixations_duration,center_dispersion_fixations_avg_duration,center_dispersion_fixations_median_duration,saccades_count,saccades_avg_velocity,saccades_median_velocity,total_duration,center_dwell_percentage,dispersion_fixations_percentage,center_dispersion_fixations_percentage,blinks_percentage
0,65,6100.0,93.84615384615384,98.0,71,36430.0,513.0985915492957,502.0,104,39048.0,375.46153846153845,344.0,90,35158.0,390.64444444444445,350.0,271,1463.2022029092368,658.3333333333346,291502.0,12.764451545539274,13.681754157293922,12.318764409499583,2.0926099992452882
1,163,14694.0,90.14723926380368,78.0,166,60732.0,365.855421686747,334.0,215,61900.0,287.90697674418607,264.0,180,55020.0,305.6666666666667,278.0,477,3294.4337999358804,1312.5,86416.0,84.67694710130783,86.30545718189677,76.71286355650986,17.003795593408626
2,92,8150.0,88.58695652173913,88.0,118,59770.0,506.52542372881356,428.0,181,62760.0,346.7403314917127,308.0,149,53092.0,356.32214765100673,312.0,382,2049.7474453814834,805.0000000000068,74380.0,90.24611203382153,94.76068247017967,80.163068096029,10.957246571659047
3,2,128.0,64.0,74.0,3,810.0,270.0,308.0,2,674.0,337.0,366.0,1,308.0,308.0,308.0,7,3497.5530719280728,3205.7692307692273,1002.0,92.67734553775743,77.11670480549199,35.24027459954233,12.77445109780439
