msg,blinks_count,blinks_total_duration,blinks_avg_duration,blinks_median_duration,center_dwell_count,center_dwell_duration,center_dwell_avg_duration,center_dwell_median_duration,dispersion_fixations_count,dispersion_fixations_duration,dispersion_fixations_avg_duration,dispersion_fixations_median_duration,center_dispersion_fixations_count,center_dispersion_fixations_duration,center_dispersion_fixations_avg_duration,center_dispersion_fixations_median_duration,saccades_count,saccades_avg_velocity,saccades_median_velocity,total_duration,center_dwell_percentage,dispersion_fixations_percentage,center_dispersion_fixations_percentage,blinks_percentage
0,10,2138.0,213.8,114.0,23,29970.0,1303.0434782608695,778.0,82,44062.0,537.3414634146342,300.0,37,28386.0,767.1891891891892,404.0,193,2401.8470698742567,1118.7499999999986,186540.0,16.252535221960716,23.8945347664342,15.39354236938862,1.146134877238126
1,20,2358.0,117.9,118.0,34,38394.0,1129.235294117647,448.0,107,46304.0,432.74766355140184,296.0,72,36528.0,507.3333333333333,378.0,172,3268.8794491259127,1927.5000000000034,52082.0,77.21422250824551,93.12203362561338,73.46150752151878,4.527475903383127
2,14,1838.0,131.28571428571428,138.0,25,58292.0,2331.68,1680.0,83,63970.0,770.722891566265,446.0,65,57278.0,881.2,672.0,190,1957.3640625021892,950.0,67296.0,89.05252222799352,97.72678664181612,87.50343731858597,2.731217308606752
3,0,0,-1,-1,1,698.0,698.0,698.0,2,920.0,460.0,660.0,1,660.0,660.0,660.0,2,2421.07843137255,3967.1568627450993,1002.0,69.66067864271457,91.81636726546905,65.86826347305389,0.0
