msg,blinks_count,blinks_total_duration,blinks_avg_duration,blinks_median_duration,center_fixations_count,center_fixations_duration,center_fixations_avg_duration,center_fixations_median_duration,total_duration,center_fixations_percentage,blinks_percentage
0,21,4054.0,193.04761904761904,148.0,60,87696.0,1461.6,454.0,125445.0,72.24258800075788,3.231695165211846
1,4,560.0,140.0,156.0,15,18358.0,1223.8666666666666,568.0,20000.0,94.43415637860082,2.8000000000000003
2,16,2060.0,128.75,128.0,17,77028.0,4531.058823529412,4918.0,79230.0,99.81599066994946,2.600025242963524
3,0,0,-1,-1,2,848.0,424.0,754.0,1004.0,84.4621513944223,0.0
