msg,blinks_count,blinks_total_duration,blinks_avg_duration,blinks_median_duration,center_dwell_count,center_dwell_duration,center_dwell_avg_duration,center_dwell_median_duration,dispersion_fixations_count,dispersion_fixations_duration,dispersion_fixations_avg_duration,dispersion_fixations_median_duration,center_dispersion_fixations_count,center_dispersion_fixations_duration,center_dispersion_fixations_avg_duration,center_dispersion_fixations_median_duration,saccades_count,saccades_avg_velocity,saccades_median_velocity,total_duration,center_dwell_percentage,dispersion_fixations_percentage,center_dispersion_fixations_percentage,blinks_percentage
0,3,208.0,69.33333333333333,72.0,5,1812.0,362.4,200.0,9,3680.0,408.8888888888889,382.0,5,1680.0,336.0,322.0,16,2547.5730183543405,2491.6666666666742,48297.0,3.7680134750150764,7.652477697602363,3.4935224271662957,0.43066857154688704
1,55,6414.0,116.61818181818182,82.0,146,72376.0,495.7260273972603,26.0,156,75292.0,482.64102564102564,388.0,120,62268.0,518.9,400.0,431,3738.708704902624,2720.0000000000045,89638.0,86.96529847159474,90.46909545323464,74.81976352975104,7.155447466476271
2,31,4800.0,154.83870967741936,86.0,35,48426.0,1383.6,876.0,52,48050.0,924.0384615384615,556.0,47,45976.0,978.2127659574468,600.0,160,2695.2619477460044,2024.9999999999773,55404.0,95.69599241166706,94.95296814481068,90.85447790688484,8.663634394628547
3,0,0,-1,-1,1,1002.0,1002.0,1002.0,1,830.0,830.0,830.0,1,830.0,830.0,830.0,7,2183.0017006802655,2108.3333333333107,1002.0,100.0,82.83433133732535,82.83433133732535,0.0
