msg,blinks_count,blinks_total_duration,blinks_avg_duration,blinks_median_duration,center_fixations_count,center_fixations_duration,center_fixations_avg_duration,center_fixations_median_duration,total_duration,center_fixations_percentage,blinks_percentage
0,43,4360.0,101.3953488372093,92.0,152,80456.0,529.3157894736842,26.0,516041.0,15.723859201338334,0.8448941072511681
1,10,954.0,95.4,96.0,13,18934.0,1456.4615384615386,712.0,20000.0,99.41195001575134,4.77
2,28,3380.0,120.71428571428571,92.0,30,54208.0,1806.9333333333334,1320.0,57728.0,99.74240082431737,5.855044345898004
3,0,0,-1,-1,1,1002.0,1002.0,1002.0,1002.0,100.0,0.0
