msg,blinks_count,blinks_total_duration,blinks_avg_duration,blinks_median_duration,center_fixations_count,center_fixations_duration,center_fixations_avg_duration,center_fixations_median_duration,total_duration,center_fixations_percentage,blinks_percentage
0,18,1672.0,92.88888888888889,96.0,35,27370.0,782.0,698.0,165202.0,16.736990154711673,1.012094284572826
1,98,11248.0,114.77551020408163,100.0,158,81670.0,516.8987341772151,478.0,102516.0,89.48371828022965,10.97194584260018
2,50,6482.0,129.64,116.0,78,60148.0,771.1282051282051,742.0,75382.0,87.29753265602322,8.598869756705845
3,1,230.0,230.0,230.0,2,748.0,374.0,676.0,1002.0,96.89119170984456,22.954091816367264
