msg,blinks_count,blinks_total_duration,blinks_avg_duration,blinks_median_duration,center_fixations_count,center_fixations_duration,center_fixations_avg_duration,center_fixations_median_duration,total_duration,center_fixations_percentage,blinks_percentage
0,179,18196.0,101.6536312849162,86.0,203,90404.0,445.3399014778325,272.0,203643.0,48.749238326853494,8.935244521049091
1,33,3696.0,112.0,84.0,53,12732.0,240.22641509433961,118.0,20000.0,78.09126594700687,18.48
2,82,8710.0,106.21951219512195,84.0,90,72720.0,808.0,850.0,83166.0,97.66842161813689,10.473029843926604
3,1,76.0,76.0,76.0,2,862.0,431.0,440.0,1004.0,92.88793103448276,7.569721115537849
