msg,blinks_count,blinks_total_duration,blinks_avg_duration,blinks_median_duration,center_dwell_count,center_dwell_duration,center_dwell_avg_duration,center_dwell_median_duration,dispersion_fixations_count,dispersion_fixations_duration,dispersion_fixations_avg_duration,dispersion_fixations_median_duration,center_dispersion_fixations_count,center_dispersion_fixations_duration,center_dispersion_fixations_avg_duration,center_dispersion_fixations_median_duration,saccades_count,saccades_avg_velocity,saccades_median_velocity,total_duration,center_dwell_percentage,dispersion_fixations_percentage,center_dispersion_fixations_percentage,blinks_percentage
0,11,908.0,82.54545454545455,86.0,28,20026.0,715.2142857142857,20.0,39,21472.0,550.5641025641025,454.0,32,19288.0,602.75,496.0,85,3840.5131074654755,2156.785714285714,109114.0,18.50729164741327,19.84363159159381,17.825259227769255,0.8321571933940649
1,56,3730.0,66.60714285714286,64.0,132,56752.0,429.93939393939394,360.0,205,67570.0,329.609756097561,284.0,136,51172.0,376.2647058823529,310.0,420,6647.513668299343,3333.3333333333335,81520.0,72.95539272400052,86.86206453271629,65.7822342203368,4.575564278704612
2,31,3008.0,97.03225806451613,90.0,76,61932.0,814.8947368421053,104.0,113,62282.0,551.1681415929204,468.0,107,59374.0,554.8971962616822,466.0,249,3149.5714829176627,2000.0,68766.0,94.18169652361689,94.71395115423219,90.29167553757718,4.374254718901783
3,1,44.0,44.0,44.0,2,940.0,470.0,940.0,2,908.0,454.0,610.0,2,908.0,454.0,610.0,4,2762.276785714288,3574.1071428571445,1002.0,98.12108559498957,94.78079331941545,94.78079331941545,4.39121756487026
