msg,blinks_count,blinks_total_duration,blinks_avg_duration,blinks_median_duration,center_fixations_count,center_fixations_duration,center_fixations_avg_duration,center_fixations_median_duration,total_duration,center_fixations_percentage,blinks_percentage
0,40,20618.0,515.45,88.0,65,2648.0,40.738461538461536,4.0,385184.0,0.7263431038549947,5.352766470050677
1,11,9088.0,826.1818181818181,126.0,20,1198.0,59.9,8.0,20000.0,10.978739002932551,45.440000000000005
2,12,16412.0,1367.6666666666667,70.0,36,246.0,6.833333333333333,6.0,55054.0,0.6366130117488743,29.810731282014025
3,1,1002.0,1002.0,1002.0,0,0,-1,-1,1002.0,0,100.0
