msg,blinks_count,blinks_total_duration,blinks_avg_duration,blinks_median_duration,center_dwell_count,center_dwell_duration,center_dwell_avg_duration,center_dwell_median_duration,dispersion_fixations_count,dispersion_fixations_duration,dispersion_fixations_avg_duration,dispersion_fixations_median_duration,center_dispersion_fixations_count,center_dispersion_fixations_duration,center_dispersion_fixations_avg_duration,center_dispersion_fixations_median_duration,saccades_count,saccades_avg_velocity,saccades_median_velocity,total_duration,center_dwell_percentage,dispersion_fixations_percentage,center_dispersion_fixations_percentage,blinks_percentage
0,1,74.0,74.0,74.0,11,478.0,43.45454545454545,28.0,12,66168.0,5514.0,272.0,1,106.0,106.0,106.0,26,3641.497246593809,1699.9999999999993,66546.0,0.7190997713322903,99.54266458057528,0.15946563966783006,0.11120127430649476
1,25,4070.0,162.8,76.0,115,24766.0,215.35652173913044,28.0,209,79392.0,379.86602870813397,252.0,35,12568.0,359.0857142857143,288.0,556,3518.1288061721452,1625.0,91454.0,28.34157282797766,90.85416094479538,14.382495651377827,4.450324753427952
2,5,376.0,75.2,74.0,50,51506.0,1030.12,744.0,137,68416.0,499.3868613138686,414.0,82,47950.0,584.7560975609756,480.0,330,2599.464935705195,1472.2222222222224,71526.0,72.39072382290934,96.15741391426563,67.3928320449754,0.5256829684310601
3,1,98.0,98.0,98.0,2,900.0,450.0,642.0,2,854.0,427.0,604.0,2,854.0,427.0,604.0,9,2633.13822751323,2565.625000000004,1002.0,99.5575221238938,94.46902654867256,94.46902654867256,9.780439121756487
