is_introvert,msg,center_fixations_percentage_mean,center_fixations_percentage_median
0,1,65.43022244806154,77.21422250824551
0,2,78.2501874505731,89.05252222799352
1,1,55.873823046603576,57.91100713941178
1,2,69.11872296324648,80.02359131410732
