msg,blinks_count,blinks_total_duration,blinks_avg_duration,blinks_median_duration,center_fixations_count,center_fixations_duration,center_fixations_avg_duration,center_fixations_median_duration,total_duration,center_fixations_percentage,blinks_percentage
0,39,234742.0,6019.025641025641,146.0,71,40262.0,567.0704225352113,218.0,285632.0,79.11573983100806,82.18336881021735
1,68,20302.0,298.55882352941177,114.0,134,44602.0,332.85074626865674,128.0,88980.0,64.94365007717174,22.816363227691618
2,69,35528.0,514.8985507246376,62.0,79,35352.0,447.49367088607596,36.0,75640.0,88.1332269644994,46.96985721840296
3,0,0,-1,-1,5,420.0,84.0,62.0,1002.0,41.91616766467065,0.0
