msg,blinks_count,blinks_total_duration,blinks_avg_duration,blinks_median_duration,center_fixations_count,center_fixations_duration,center_fixations_avg_duration,center_fixations_median_duration,total_duration,center_fixations_percentage,blinks_percentage
0,15,1402.0,93.46666666666667,88.0,91,31918.0,350.74725274725273,80.0,70724.0,46.04310319956147,1.9823539392568295
1,59,10326.0,175.01694915254237,98.0,150,32060.0,213.73333333333332,36.0,85230.0,42.80145252589982,12.115452305526222
2,24,2106.0,87.75,90.0,102,60716.0,595.2549019607843,30.0,73414.0,85.14612666180513,2.8686626528999914
3,0,0,-1,-1,4,728.0,182.0,110.0,1004.0,72.50996015936255,0.0
